,sma_5,ema_5,sma_10,ema_10,sma_20,ema_20,sma_50,ema_50,rsi_7,rsi_14,rsi_21,macd,macds,macdh,return_1d,momentum_1d,return_5d,momentum_5d,return_10d,momentum_10d,return_20d,momentum_20d,return_60d,momentum_60d,return_120d,momentum_120d,roc_10d,roc_20d,volatility_10d,realized_vol_10d,volatility_20d,realized_vol_20d,volatility_60d,realized_vol_60d,atr_14,atr_20,sharpe_ratio_20d,sharpe_ratio_60d,sortino_ratio_20d,sortino_ratio_60d,calmar_ratio_20d,calmar_ratio_60d,trend_strength,momentum_factor,bb_lower,bb_middle,bb_upper,bb_width,bb_pct,adx_14,plus_di,minus_di,stoch_k,stoch_d,score
FORM,114.452001953125,116.04901720941487,106.26600189208985,110.03863957175173,101.6145004272461,104.12875275716517,94.71140014648438,94.13867751375201,50.0,74.32974175731422,69.97252521841122,6.658870985902652,4.301916282535149,2.356954703367503,2.2548966414594807,2.2548966414594807,20.00775364185985,20.00775364185985,23.368216177585843,23.368216177585843,40.04524990366163,40.04524990366163,70.6409343131768,70.6409343131768,195.46539031817125,195.46539031817125,23.36821617758585,40.045249903661635,78.36280284937453,252.62157858013356,73.12147798138113,335.83154939617623,74.70404308041724,575.1524458869033,6.758821453881871,6.700310050458198,6.194627293407932,3.3781284665701397,13.047544312692354,6.754397327754175,29.382611938532744,12.827686962085009,100.0,98.90956579182057,81.90745016193888,101.6145004272461,121.32155069255332,0.38787870200507574,1.0628823777744056,26.850886056799396,47.15849054131779,12.463130428047776,95.80704761970522,89.62011277902697,3.338659586083355
COHR,276.356005859375,281.9343620627553,258.90800323486326,269.79237486288184,257.7065010070801,261.2354748559414,247.2920001220703,244.36227707336448,93.76025949771466,65.89179250134322,61.733818921359735,9.371580098048014,4.741055759653477,4.630524338394537,8.209869257791524,8.209869257791524,19.11217680430035,19.11217680430035,26.392374732137025,26.392374732137025,27.450571788752896,27.450571788752896,61.81655632021248,61.81655632021248,165.17764955827343,165.17764955827343,26.392374732137025,27.450571788752892,94.46494449491412,305.5615712255917,92.32211156063343,413.90972256693266,85.12720608542904,657.0775649004128,24.391249964589736,23.81512576781308,3.7741521924989163,2.7999239229530075,6.350492681043046,5.291442440252201,15.998166082567174,8.988783896630157,100.0,82.5150889321929,218.34860083278437,257.7065010070801,297.0644011813758,0.30544747626071267,1.132573114576875,23.068915019677107,33.76799858147088,13.469843722639773,90.68634277866413,80.1277911882426,3.0071770925342274
KLAC,1645.1580078125,1661.3736692474486,1556.0669921875,1600.197138018904,1523.200994873047,1548.348511833621,1483.5661962890624,1485.7204986799354,98.89245761653959,69.49969783191155,67.40787208762914,53.31056435856431,25.749285434362797,27.56127892420151,0.5801106651342813,0.5801106651342813,14.532849110245305,14.532849110245305,19.719117064027003,19.719117064027003,23.248940846856602,23.248940846856602,20.492162268129512,20.492162268129512,58.10702148672924,58.10702148672924,19.719117064026996,23.2489408468566,56.22914762656785,188.291894228488,50.41851822509111,230.05819823218357,60.48256252193865,474.70198344464524,67.8278141591625,68.61466974746426,5.488710531960249,1.6012796019286275,10.962176022934067,2.4270730180716598,23.60524647786632,4.322321408937392,100.0,32.60365360732756,1334.3686708998384,1523.200994873047,1712.0333188462555,0.24794143991344622,1.0668495465167327,29.273940776645922,44.37094264680863,16.84037590733655,95.86270600403687,91.54585107474156,2.682905812221921
KEYS,311.79599609375,313.6473495668947,297.0899963378906,304.1225109049125,291.8794967651367,294.8885228929117,271.9821984863281,273.6125319111725,50.0,72.21640717946721,64.34938530434653,11.28873955452832,8.272309185272288,3.0164303692560317,0.38396922803021205,0.38396922803021205,11.310260797254458,11.310260797254458,15.337810591022771,15.337810591022771,14.640354365655162,14.640354365655162,54.88771521690554,54.88771521690554,99.60592658456615,99.60592658456615,15.337810591022771,14.640354365655151,42.81387691334951,145.56964412741064,45.49449861995728,203.3070728546424,59.645133950665254,440.11389471776,11.752966095207414,12.051056677738028,4.012303627481316,3.362721779151632,7.894537093481187,9.242438497441997,15.999891440046046,14.325713599701375,100.0,56.22897037182861,262.17266094331836,291.8794967651367,321.58633258695505,0.20355548197838783,1.0436542636917472,26.954503707564054,34.60069237348534,13.021323937715312,96.76108803460157,93.75584443463595,2.3472617917284375
AMKR,52.03399887084961,53.16927653021221,48.408999633789065,50.47559849288396,47.515499877929685,48.551524902397965,47.424599990844726,47.085942485050914,50.0,70.13589656086707,66.7142898403876,1.774851165923124,0.4673199783587341,1.30753118756439,5.1142541277459985,5.1142541277459985,24.1113450483474,24.1113450483474,28.40053138716727,28.40053138716727,40.44099452770731,40.44099452770731,11.56881276856625,11.56881276856625,83.99999709356398,83.99999709356398,28.40053138716727,40.4409945277073,81.2069357609179,270.4260654777582,80.62649249860266,370.34292413940875,75.72610785154407,580.2100526079843,3.481206487042381,3.396847184671798,5.7358109343615995,0.9784751826216187,10.673318171761553,1.74849440662476,25.797068346123908,2.7895303476867097,100.0,41.959822593807885,39.529815044792535,47.515499877929685,55.501184711066834,0.33612967783787934,1.153951378296499,26.21251295970682,47.57546462162348,17.824927896975172,95.08893233572756,83.97320553070757,2.323167043438719
LRCX,242.7820037841797,247.1908614578931,227.93600158691407,236.91758247314874,227.08550033569335,230.37844450700248,228.1963998413086,222.69442289753562,93.75219976040971,64.67653611515476,63.71486758894093,6.0215920860104575,1.1667008629488806,4.854891223061577,1.8936441921310054,1.8936441921310054,20.701337078968773,20.701337078968773,24.591253069495632,24.591253069495632,25.85803463101868,25.85803463101868,22.987217864014433,22.987217864014433,85.1935187924153,85.1935187924153,24.59125306949563,25.85803463101869,69.17481578148829,231.187358396754,67.45738889935015,305.16097209643164,62.448526552532634,482.75202679638846,12.71015880616849,12.635647850235593,4.642031050855822,1.702288461917488,8.313565419748496,2.9135557360652466,19.22132633374304,5.288350053014308,100.0,42.510353172635966,195.22111909121247,227.08550033569335,258.94988158017424,0.2806377439103489,1.0739088897693716,32.401711097586656,48.69362865878448,14.832162178453464,95.90079154457887,83.17748355321537,2.1709306345827275
AMAT,377.9899963378906,382.53441886626194,359.42999877929685,370.2022381052242,357.0939971923828,361.3990489134984,351.06619934082033,345.5820626683116,92.2030572062112,63.70212643501447,62.43451336754897,9.155631195084368,3.8921968701863783,5.26343432489799,0.4223103205277745,0.4223103205277745,14.641142375225137,14.641142375225137,18.000296747513843,18.000296747513843,18.448128575762766,18.448128575762766,31.036178250607115,31.036178250607115,75.43034783633024,75.43034783633024,18.00029674751384,18.44812857576276,59.35816624705396,192.82676595133498,55.92112159572798,250.88620697440783,55.486130886057964,430.0510263523723,16.6158632629734,16.72034983920435,4.096922420741901,2.3240277572351973,7.1290741228570855,3.9854517959083924,16.8434827535179,7.090255976370526,100.0,40.57801422387075,317.58276882218024,357.0939971923828,396.60522556258536,0.22129315351619344,1.0365056313203007,29.239087441095368,45.189897196615604,13.18795782505607,94.86121219718568,82.2434165828267,1.9934425384359855
NOK,9.238000106811523,9.235666532897358,8.7260000705719,8.92789951504469,8.517000007629395,8.587147067660226,7.849799995422363,7.975760849645928,92.26189935558875,78.03030480913779,69.21182673894393,0.40300519324822837,0.2942661664881421,0.10873902676008629,-0.9424099559202759,-0.9424099559202759,7.256239971281642,7.256239971281642,14.251211874765968,14.251211874765968,16.216211783172895,16.216211783172895,45.09202554940308,45.09202554940308,66.54930147971474,66.54930147971474,14.251211874765973,16.2162117831729,51.54336101248829,165.5934659600297,46.375976145277875,206.24931329581412,44.78251296329459,351.38495679917895,0.436103218022277,0.4187705516721521,4.314996771655476,3.7213181406590357,10.492134135340166,7.053123862273616,25.086541984165617,9.18347847543161,100.0,42.866464198627526,7.507506170723964,8.517000007629395,9.526493844534826,0.23705385370462426,0.9670657690235691,36.6182930525667,48.53255616430836,13.55563040568419,89.59527654026199,85.2584013655942,1.9224173093526722
ASML,1391.6860107421876,1414.705837053947,1351.2679931640625,1382.8690697440738,1357.71650390625,1370.8367018439353,1392.6010083007814,1352.760340222205,79.27124565242354,64.28964180299599,56.1703398531427,7.704084177214554,-8.408193329710365,16.11227750692492,2.0460579818810665,2.0460579818810665,12.226418409548634,12.226418409548634,11.19067538900902,11.19067538900902,9.37421960680962,9.37421960680962,16.385336454992338,16.385336454992338,44.98769018524615,44.98769018524615,11.190675389009026,9.37421960680963,62.16160073071648,190.29845251178855,53.22114907562754,231.28479604743552,45.74146153543763,350.89552958659203,59.61012855637672,58.758548823111425,2.3750526183431604,1.6184917901752365,5.08766096891489,3.0680508956005346,9.220848740117193,4.146426105897031,50.0,22.862707519613664,1248.84232677263,1357.71650390625,1466.5906810398699,0.1603783659112649,1.05368283170884,31.365114524820694,44.87163321601397,19.921005851289053,94.51374428117869,75.17128266186369,1.8303572966096389
AMD,231.04199829101563,232.54508753176424,218.43799896240233,223.72276734353457,210.44049987792968,215.82907188915095,209.35099975585936,212.39183551718472,50.0,73.71161174309083,66.75834826100471,7.512347261458757,2.9746696747890238,4.537677586669734,3.549693170279733,3.549693170279733,12.66206587868175,12.66206587868175,20.253220860951537,20.253220860951537,23.920292545255293,23.920292545255293,10.892877735647378,10.892877735647378,4.467938197740273,4.467938197740273,20.253220860951526,23.920292545255304,37.99915971214877,146.06539527698476,50.86279445272852,234.7648302722972,64.78058679055503,509.9554968988387,10.372742231002594,10.266336890650518,5.584445803819732,0.9994573475557508,9.906846131103062,1.529467076104425,25.821534451824085,2.4462526885501874,100.0,12.87362031715762,181.1465639283491,210.44049987792968,239.73443582751025,0.27840587687800705,1.0905572652946713,32.702164926881025,51.368944005956465,11.904390953459448,95.21973662610903,91.90724042390798,1.7147965099010547
TXN,207.5539978027344,208.6673765209075,199.98299865722657,203.44768089410385,195.94449996948242,200.43137889290452,206.68980041503906,199.61952865507155,92.98535666684506,76.68602895797595,61.17139431527356,2.038041508234386,-1.1688523294903157,3.2068938377247016,-0.11628988974250465,-0.11628988974250465,10.19141022629395,10.19141022629395,11.02321062083018,11.02321062083018,12.986052238610046,12.986052238610046,13.896990992353043,13.896990992353043,22.36722188034581,22.36722188034581,11.023210620830183,12.986052238610043,37.07914427677121,121.74018627148442,31.832007949730386,143.98683313999095,36.12572024869295,274.34873802950153,5.832537874465828,5.857516561226566,4.997016849692112,1.6884001015384908,13.261446861016314,3.7923199899253506,10.167935028144484,3.4426886987071414,100.0,16.16477863262797,179.44704719826197,195.94449996948242,212.44195274070287,0.16838903642398603,1.0693453413252876,31.905556757088814,45.684863062803736,15.8228988001859,95.03343093261385,96.12419478473703,1.4700956725758583
DELL,179.12000122070313,178.45578576265197,173.99500122070313,175.22470101417966,168.30449981689452,168.00263545952657,144.555,152.4660257019207,71.77444796869493,62.968695195358144,64.8337814869775,9.904814291065094,9.973092848925106,-0.0682785578600118,-2.016975381181707,-2.016975381181707,1.9670860988813654,1.9670860988813654,1.1261492691715613,1.1261492691715613,18.60449516932259,18.60449516932259,48.58766305391533,48.58766305391533,17.507108532538297,17.507108532538297,1.1261492691715542,18.604495169322576,46.272751928113195,138.58191667548516,54.0567095153595,241.10894728486954,68.11612085826496,511.425375116718,8.306538881964407,8.289867363321077,4.248260870193914,2.769485255823582,9.820189174250842,6.035177550356596,21.256220303910105,5.780347161743686,100.0,30.268546332124398,145.81074658482453,168.30449981689452,190.7982530489645,0.26729829869720517,0.7110697831726295,27.646658187371322,32.908798873094476,21.42140486982834,77.07220157846687,78.93431612140661,1.3546541629600688
ON,66.55999984741212,66.76430417776395,63.31199951171875,64.7889908341228,61.88699951171875,63.347500829862256,63.743799667358395,62.342084084946244,99.85182037147763,69.32894478332791,65.25121040861762,1.221705757184786,0.08568968792722043,1.1360160692575656,0.233616100306544,0.233616100306544,10.387527000837583,10.387527000837583,12.781341761974051,12.781341761974051,18.998098734735834,18.998098734735834,15.55294008112893,15.55294008112893,29.601661211680906,29.601661211680906,12.78134176197404,18.998098734735837,75.65434273280088,228.29261335169423,57.71544049275893,252.76189852167082,49.816222894033025,379.5300517535062,2.736511908345216,2.764191304814577,4.079284261797791,1.4616456550994,9.75732223594059,2.870642236795678,12.445794604333882,3.1769637337020376,100.0,20.80110401637659,54.96591643244666,61.88699951171875,68.80808259099084,0.22366839995083393,0.9885797451568408,21.42724915398461,43.182817637822744,21.421925305047225,95.04981376955949,94.42776991856577,1.3036687897211066
NTRS,149.11000366210936,149.40650758404374,144.0000030517578,146.03879280911858,140.59050064086915,143.37993819045386,143.5316003417969,142.30294664177615,97.02816526189896,79.39393477830411,65.89954369187745,2.2803516987141563,0.32675292707128534,1.9535987716428709,-0.2620776665640312,-0.2620776665640312,7.015814219711114,7.015814219711114,10.327584027570659,10.327584027570659,10.873992967176482,10.873992967176482,4.805504803813476,4.805504803813476,22.204379947400852,22.204379947400852,10.327584027570659,10.87399296717649,26.36271921694239,92.54898322655478,23.117669867853508,106.41126033191716,29.829384006798403,228.56639737753602,3.694928955854968,3.8151113581756424,5.74938636880483,0.8071582422790206,14.006780233027579,1.4440349048366148,15.421809049237252,1.870107036271961,100.0,11.84571379589859,129.01862037371606,140.59050064086915,152.16238090802224,0.1646182382793107,1.0029215139612508,29.30744949018359,38.41376210288326,14.724946457992512,97.68688062534342,95.5633484009599,1.2944852616929052
NFLX,100.44000091552735,100.64265192091818,97.89600143432617,98.68277679506998,95.59949989318848,96.3944681876193,89.69899978637696,93.50436990409773,91.42513056586527,80.32521488431024,66.6666771064542,2.745366408665319,2.1163343219605886,0.6290320867047305,0.9407144103521059,0.9407144103521059,4.4090799844473505,4.4090799844473505,10.383628882441664,10.383628882441664,9.224901710162282,9.224901710162282,14.050047037515046,14.050047037515046,-12.968172148336643,-12.968172148336643,10.383628882441673,9.22490171016228,24.44451300460877,87.65575592760814,26.367526294275102,118.8455201028891,41.30301238399269,309.2104270426212,2.8070987562545344,2.8259937700750846,4.350904054608628,1.533608841655297,8.145088220428466,3.5797298150677785,13.790348796787708,1.8903387975768793,100.0,4.497037683553711,88.66434394728266,95.59949989318848,102.5346558390943,0.14508770346402103,1.034270772052126,48.42867744979419,37.98844555191686,7.682255501034329,88.86522881023045,78.93654560104109,1.1333460324293463
ERIC,11.736000061035156,11.76069384242732,11.519000053405762,11.63893416180963,11.528999996185302,11.526344603346303,11.327799987792968,11.192261442804458,85.05753300323701,66.35514768370611,55.614977489193386,0.14163630226526713,0.10506228063464518,0.036574021630621956,-0.1680630649618875,-0.1680630649618875,2.2375235063896604,2.2375235063896604,3.8461586555659233,3.8461586555659233,4.028021322888242,4.028021322888242,26.3829850697207,26.3829850697207,25.316462954579745,25.316462954579745,3.8461586555659193,4.028021322888234,26.60978911369553,81.85488817818688,32.88911871154934,143.9588856848043,31.310269689696348,241.74519136067713,0.316311158187479,0.3205403985188799,1.6705692975245143,3.2980834323915786,2.905744922266756,7.588022691555228,6.996531465574413,11.91595172480997,50.0,19.356539311128678,10.988750556325265,11.528999996185302,12.06924943604534,0.09372008674452154,0.824850052918657,17.10099895381681,31.176072550843298,24.93303086463759,87.94936474684148,79.55897231716064,1.039199421961182
MCHP,69.64800109863282,69.74336121165231,66.58900032043456,67.99262023519962,65.32749977111817,67.21073540103109,70.71860023498535,68.39248763437836,50.0,71.7688837295813,60.27055707096318,0.18292668781242583,-1.103405870280797,1.2863325580932228,0.4773888403020621,0.4773888403020621,9.085364669366335,9.085364669366335,11.464175950483568,11.464175950483568,14.076196526053142,14.076196526053142,-3.388689275782275,-3.388689275782275,9.502676709214985,9.502676709214985,11.464175950483563,14.076196526053142,52.17717718347848,163.17398730978147,41.43873389358502,183.90235769567514,40.33580577343901,307.4699027719464,2.77029483701939,2.797277605110021,4.210835139522964,-0.16269572860693968,10.033380636981224,-0.31224180048727346,8.039624382455688,-0.25612322252089303,100.0,5.718186260267528,59.219244704597074,65.32749977111817,71.43575483763927,0.1870040974450887,1.0101700665412165,25.428408329520884,39.31038809931476,17.115227445561217,89.45421309771676,89.82047162139948,0.9050467540092593
CSCO,82.04199981689453,81.91226006627336,80.1709991455078,81.01744002249453,79.78199996948243,80.20249560199802,79.75879974365235,79.20181564703006,80.50070564394534,62.85875227389918,58.91775545179725,0.8417360911384577,0.4241644359896861,0.4175716551487716,-1.1422351438705514,-1.1422351438705514,4.049613659300877,4.049613659300877,0.07302526280366095,0.07302526280366095,5.762803550347773,5.762803550347773,8.943951094237335,8.943951094237335,19.00420549828816,19.00420549828816,0.07302526280365751,5.7628035503477735,34.33547537698918,103.15503664573662,28.039226655251458,123.98199980076751,37.1110961521619,294.4924323458938,2.3068471454966044,2.248973546315278,2.65482308148192,1.160282867282587,4.421568971248629,1.535608118473302,11.945157270840832,3.172064839503693,100.0,11.007683152285715,75.77214041364915,79.78199996948243,83.7918595253157,0.10052040704337051,0.8040008281180394,22.061732642383536,32.17356068931895,18.91785326493855,83.4691076688466,79.96476026221406,0.7206349822682598
EA,203.4080017089844,203.07395009033772,203.26700134277343,202.95485102267128,202.0530014038086,202.38293337764418,201.23420043945313,201.7624401556401,33.62346915758886,64.5372039262964,63.47993021233888,0.666383602167059,0.5934910061221088,0.07289259604495024,0.2670665445460463,0.2670665445460463,-0.42239714369867176,-0.42239714369867176,0.4110751404094337,0.4110751404094337,1.8384587243551298,1.8384587243551298,-0.7781511885881942,-0.7781511885881942,1.1929120623103806,1.1929120623103806,0.4110751404094231,1.8384587243551287,6.309974910217892,19.069443007989147,5.035086707583169,22.899164487288385,8.202913883112602,63.31280659888069,0.9978378407020555,1.0408122099948218,4.584882083198685,-0.35938397704413444,7.3275962765498,-0.4715811114171118,17.01744941113588,-0.759396572128221,100.0,0.5981507605643754,199.04250073790107,202.0530014038086,205.06350206971612,0.02979911849852662,0.6141013016764054,37.96833712006378,23.362275877240215,23.265795963929524,67.64571237480574,80.97531242749012,0.7088201050507447
NVDA,182.07200317382814,182.9791330411574,177.05900115966796,180.08105825217052,177.420499420166,179.17584019373098,182.07779968261718,180.91513133132042,50.0,68.17249289193902,52.06022650714987,0.12722530012678135,-1.6643622014091706,1.791587501535952,2.5664733438725884,2.5664733438725884,6.336324218861211,6.336324218861211,10.15533685575749,10.15533685575749,2.9977096819158167,2.9977096819158167,1.5176833115933208,1.5176833115933208,3.751172881469733,3.751172881469733,10.155336855757488,2.997709681915819,34.37825772658104,112.51627312899117,35.29774979661042,153.66819536234385,37.73896774351696,289.1680196299835,5.206531384657843,5.291121498680668,1.2220530122554816,0.35256540319155766,2.250018783860268,0.6075980132284589,3.6901230792278485,0.8562075281471949,50.0,2.6317380936529933,166.2536543338314,177.420499420166,188.5873445065006,0.1258799870683416,1.0019101355835989,23.42380854050511,41.3892063475567,21.921832823551444,91.03128569570532,82.70868185414244,0.6776851820535074
AXP,312.0739990234375,311.9352897142714,305.4239990234375,308.2028073698907,302.05149993896487,307.1365232858609,320.4511999511719,318.63680498794207,72.80626519720845,67.78654839203841,55.567098000180984,-1.3934885892314242,-4.991137801962353,3.5976492127309285,-1.3437357715640585,-1.3437357715640585,4.437340145652358,4.437340145652358,4.7129111397156365,4.7129111397156365,3.8457665998270274,3.8457665998270274,-12.430167597765362,-12.430167597765362,-2.977220618519316,-2.977220618519316,4.712911139715641,3.8457665998270176,26.197787979586984,81.69141955827831,21.923868516117082,96.20596008141497,31.770529518704205,250.0932126872524,7.932005452085498,8.114053866227378,2.2746017487571915,-1.5927968782706277,4.533996959217671,-2.0898839255929853,3.333333716170822,-2.126154933849468,100.0,-4.711503244713832,288.0872100167906,302.05149993896487,316.0157898611391,0.0924629735326327,0.90992059477567,23.928202050941174,33.88524451813692,16.673238897663126,78.80971980358073,85.59048390251236,0.36990028389080254
CHTR,221.49200134277345,220.7017913860108,219.9480010986328,220.15889164923817,218.15550079345704,220.12665626755825,223.89160095214845,219.98272298828127,59.13045621005224,59.7189911944176,45.75284277344915,-0.20337300867362273,-0.7522290520079393,0.5488560433343166,-1.9755357647826433,-1.9755357647826433,-0.44132398723507604,-0.44132398723507604,0.14187580667992528,0.14187580667992528,1.7388903948875045,1.7388903948875045,10.576586992331439,10.576586992331439,-14.302494531779143,-14.302494531779143,0.14187580667991548,1.738890394887497,21.860028377079,65.79496735170528,29.67682381542475,131.7542798114335,40.999004394401254,315.1192180589058,8.106301882413408,8.146415952026539,0.8765334587800596,1.2320379832573283,1.1264686280716736,2.147498093239569,2.3813365490757987,1.9436468099070365,100.0,0.46155355586508495,210.627868948303,218.15550079345704,225.68313263861108,0.06901161618914188,0.5441378207935005,10.331892203574153,15.076027110057435,13.624855177620304,69.63617584611778,75.68625646943424,0.33263305952375655
FSLR,197.8760009765625,198.89744586978858,195.63699951171876,197.04294996272162,195.23649978637695,197.6083152219984,208.7290005493164,208.340367307021,61.0932574046544,58.2213954785729,51.903525002200965,-2.5777759706288634,-4.815575010321201,2.2377990396923373,3.1533593007367022,3.1533593007367022,4.172636489284942,4.172636489284942,9.492546529534906,9.492546529534906,2.9914981449402633,2.9914981449402633,-15.698541305034864,-15.698541305034864,-14.432900052329966,-14.432900052329966,9.492546529534907,2.9914981449402704,50.79373586066609,156.75132729684935,42.970179202654656,185.88769709024774,53.98400375535294,426.796878774325,8.01094569219643,8.17826521692217,1.066657363865923,-1.052558359831283,2.226564606578056,-1.4565064387484377,2.091836567505958,-1.6954056857149054,100.0,-9.711837094230855,185.27578532109527,195.23649978637695,205.19721425165864,0.10203742103736192,0.9132987379080209,23.330709662431442,26.26369424104674,16.31211867997039,81.88366621253236,73.41297379510017,0.32932909102090724
HIMX,8.98799991607666,8.930834415848786,8.430999946594238,8.73237641081534,8.725000047683716,8.593544557103602,8.19980001449585,8.398460542544727,88.50569326263,56.82818976094504,50.422538086857145,0.15892087325706505,0.09655943117265295,0.062361442084412105,1.5435540025722894,1.5435540025722894,16.141238808532442,16.141238808532442,10.299396615427137,10.299396615427137,-9.081935497536964,-9.081935497536964,7.971867836611546,7.971867836611546,-0.9677435563663073,-0.9677435563663073,10.299396615427138,-9.08193549753697,81.97147597805882,246.39302993130121,75.93089772210352,332.09500770769876,63.852924145712365,485.11360648385374,0.5959719524316387,0.6133845919731181,-1.2171921105695227,0.8139674754405888,-2.070057216209972,1.582144365533336,-3.532980366404154,1.9867874268489563,50.0,0.17384341847363682,7.509442936924918,8.725000047683716,9.940557158442514,0.2786377316024199,0.6994969986068778,28.35189328902595,37.5955575122404,16.93412357112033,85.0776918828595,75.8289314460287,0.25574111904362634
MSCI,546.656005859375,543.6494944277325,540.9250122070313,543.5622358630378,544.406005859375,545.1823019717024,552.547601928711,552.1967233533393,47.02978242862507,41.48294735432603,46.148797714290794,-2.9877442786280426,-4.066485723854587,1.0787414452265445,-1.7219946380121476,-1.7219946380121476,-1.523559672118957,-1.523559672118957,0.3366476804117502,0.3366476804117502,0.024238815834842775,0.024238815834842775,-8.67493220769201,-8.67493220769201,0.5887339136712022,0.5887339136712022,0.3366476804117533,0.024238815834842855,24.425728457463215,73.4422445714576,22.744504679064537,99.26920706605277,33.99550998649909,264.61143324166244,13.395004180190876,13.760982173186852,0.12164666226111066,-0.9508294253257389,0.20556140326143438,-1.3820980443558202,0.3145419651387754,-1.7885373640320594,50.0,-3.2860810642249905,524.1378715260487,544.406005859375,564.6741401927013,0.0744596279805251,0.30447077021804464,18.815529032064216,24.64922802556454,30.154982620145546,55.65381787897326,61.83019525619875,0.06428753606999743
SEDG,43.21199951171875,43.531051982114626,46.6859992980957,45.0178176359813,46.30549945831299,44.77224344540653,40.23159984588623,41.45494698511291,7.502284281144227,33.945245264799,55.84656467182667,1.0997273835185766,2.3193857600923886,-1.219658376573812,-0.1912089645385362,-0.1912089645385362,-14.338464981470356,-14.338464981470356,-16.92858973291732,-16.92858973291732,18.670076587720107,18.670076587720107,21.713776304426837,21.713776304426837,4.113681590809581,4.113681590809581,-16.928589732917317,18.6700765877201,80.18239315138136,260.29906420379007,99.28572557307017,434.29109410559494,95.05994940210829,724.5927811549765,4.032484376898954,4.008049060128202,2.6503365207600393,1.3314649132700416,5.109079089151268,2.559549328427438,13.500594472521243,3.8966757966016754,50.0,15.520637975329644,37.81746355233901,46.30549945831299,54.79353536428697,0.3666102733052442,0.23224069813485318,32.44056806967492,12.14120182215239,26.89009819817554,8.881026531215563,13.103031502442215,-0.026656564881917887
MCO,439.07000122070315,436.1713363058793,436.8059997558594,437.05603424406,435.56199951171874,439.33362501317316,448.71779968261717,452.4321342441723,39.90406968436125,45.50857090844056,42.63677517438524,-4.384189889796346,-5.68857962590994,1.3043897361135937,-2.4667969349827623,-2.4667969349827623,-3.035460111035826,-3.035460111035826,-1.126583494711697,-1.126583494711697,0.2204146689604558,0.2204146689604558,-20.095347886682056,-20.095347886682056,-8.782225138913724,-8.782225138913724,-1.1265834947117006,0.2204146689604524,26.45843487520304,79.78576901151287,23.504690271787716,102.82062311425551,36.82494461654864,290.2802428458925,12.983781879424502,13.055960431818637,0.23020880586554013,-2.369860890675438,0.3591761693411467,-3.2975298741447903,0.5045517527082702,-3.6969517009080644,100.0,-10.606682295658803,423.50882400836974,435.56199951171874,447.61517501506773,0.055345395222085744,0.16183202728010068,18.536039390444532,16.733306524465235,28.197686449001893,47.524410797178426,63.10970681810719,-0.21625407554054457
AFRM,48.64000015258789,48.28273695322445,46.64300003051758,47.43489724626438,46.05349998474121,47.342649490292686,50.278000030517575,51.637862213360776,67.0870049191794,63.31827905461799,45.86685728063116,-0.6538022175371694,-1.5952372145922116,0.9414349970550422,-0.9793910603449918,-0.9793910603449918,4.793775297286484,4.793775297286484,10.672749071901965,10.672749071901965,4.6356137595255476,4.6356137595255476,-36.11952349676727,-36.11952349676727,-29.737948467178743,-29.737948467178743,10.672749071901958,4.635613759525537,52.848030423162115,164.01987598003382,52.065623805366535,226.48084074670373,59.85834211598152,476.6239220174618,2.8076178918382033,2.8381672743982156,1.34378022580455,-2.8325952466909254,2.605307627150583,-4.080630874799458,3.6842018307366233,-3.475196581861415,100.0,-21.978509811002866,41.90061945873245,46.05349998474121,50.206380510749966,0.18035026772708793,0.7981663906589405,26.31695659289538,36.99302991726836,23.273662549085103,62.22122314824362,68.02614522356397,-0.23317826920738302
SPGI,428.1739990234375,424.3907388399376,424.6369995117187,424.8926757655378,423.3300018310547,426.12040718605374,433.47179931640625,440.79772486606333,38.07691912678467,45.293080243337286,44.657517487654005,-3.3337099389592026,-4.88042643178234,1.546716492823137,-2.0974721301991295,-2.0974721301991295,-3.6506146443745946,-3.6506146443745946,0.7200875579589816,0.7200875579589816,-1.0197757099863036,-1.0197757099863036,-23.376856646517872,-23.376856646517872,-11.996605408254158,-11.996605408254158,0.7200875579589797,-1.019775709986308,29.982958576713344,90.11083846830128,27.615818638723894,121.1698109533126,41.23715185874456,331.4997712376134,12.574223046697185,12.344637384760006,-0.33532944465516373,-2.4948144782923865,-0.5035890600660389,-3.0495533348220603,-0.9082900157397528,-3.6125699114714145,100.0,-13.255656994079287,405.8880768479125,423.3300018310547,440.7719268141969,0.08240344368553891,0.27324783786865847,25.272977258658578,16.76145269053478,35.29209960386487,57.45967593280184,72.63124756406742,-0.2628982557510612
VZ,47.92600021362305,47.67954949728208,48.92300033569336,48.52225139851261,49.687500381469725,49.12212763810433,49.01400009155273,48.127684402330246,0.23928531990949864,19.969563874866466,26.229535107686914,-0.3861785874997281,0.15778886897492397,-0.5439674564746521,-3.64168670620284,-3.64168670620284,-6.8016204586377915,-6.8016204586377915,-9.262910144786328,-9.262910144786328,-9.065771391971179,-9.065771391971179,18.021027676162802,18.021027676162802,14.073340483842745,14.073340483842745,-9.262910144786327,-9.065771391971174,17.15052152943073,71.59392509918673,18.921547733179256,89.74752324541846,31.496857262964113,236.54802129058447,1.062790948816887,1.0357498184395568,-6.222621141343278,2.3608035115425468,-8.2637187555269,6.728635142704788,-11.328772547082524,7.154510152804477,0.0,8.710681798026592,47.11283907450826,49.687500381469725,52.26216168843119,0.1036341650191625,-0.20834549307128944,39.61712090873266,6.533412447500796,44.711769105327,12.10188961350282,11.723212123716346,-0.35367106579748664
FISV,56.15400009155273,56.12630481884724,55.66100006103515,56.12584699606406,56.325500106811525,56.77326302288824,59.16599998474121,59.868077444619274,53.56266507705314,45.55353820324873,42.84016273331035,-1.0783239946737666,-1.34499306076549,0.2666690660917235,-0.5672747663354238,-0.5672747663354238,-0.12464333157836682,-0.12464333157836682,0.99027588763827,0.99027588763827,0.035670515199792696,0.035670515199792696,-15.97003722458743,-15.97003722458743,-53.6867311783386,-53.6867311783386,0.9902758876382793,0.03567051519980319,27.358268588378447,82.32219781471541,24.839683121375934,108.5672884904459,38.36703909247784,298.45919211539825,1.8832582078479658,1.9385199635944104,0.13650313207812306,-1.712171102116917,0.2193080009758691,-2.6415439664647304,0.21739937316660182,-1.3396503856793767,50.0,-22.483333088776615,54.23168527079933,56.325500106811525,58.41931494282372,0.07434695944258415,0.4437629464236295,13.59404083468685,20.95237817447861,24.99178636524871,61.9047878550905,57.60235902801716,-0.41468300676811515
CMCSA,27.929999923706056,28.03973552372647,28.156999778747558,28.22891518254703,28.71999979019165,28.736050263913533,30.144599952697753,29.273323385224177,31.250011462442615,36.20251905418613,30.473372447157118,-0.633806160016853,-0.60229608195081,-0.031510078066043,-1.3422789400746926,-1.3422789400746926,0.0,0.0,-2.75069299117765,-2.75069299117765,-7.39389772386777,-7.39389772386777,-1.9311771274605816,-1.9311771274605816,1.8500030116748611,1.8500030116748611,-2.750692991177649,-7.3938977238677746,21.13849621291728,65.01658778709715,24.601854236412724,112.05540312339524,24.293231904598127,187.28600784767193,0.667496106491092,0.694824697604137,-3.807782941250778,-0.21711901065786185,-4.821481303884721,-0.34055334683379684,-7.510758620469949,-0.35542842008104636,0.0,-2.4356392646421052,27.15204437587156,28.71999979019165,30.28795520451174,0.10918909650240118,0.24807973562231808,29.838982934477542,15.47820698302922,17.078005663009584,26.3079310936665,20.584363512716042,-0.44491619477095046
SNAP,4.802000045776367,4.789465961662161,4.609000039100647,4.698749043408404,4.550500023365021,4.69907983913108,5.00739999294281,5.212881567200732,59.482771377928024,56.29630067875137,49.397590794053265,-0.08716571193563194,-0.19248566269035378,0.10531995075472184,-2.626255406322109,-2.626255406322109,4.103672840694994,4.103672840694994,20.19949866699644,20.19949866699644,3.655915544245003,3.655915544245003,-39.67458936501521,-39.67458936501521,-37.88659755805308,-37.88659755805308,20.199498666996448,3.655915544245001,89.77138570563301,274.63170062147645,79.51998750693403,341.9049189785241,64.41619980744737,509.72990075268785,0.3231537050057167,0.3086531165239557,0.9398450686328773,-2.962348002449596,1.8193325963651803,-4.496570301702729,2.7870477481357137,-3.4513085682674176,100.0,-26.139040350148505,3.984834187149783,4.550500023365021,5.116165859580258,0.24861700178475635,0.7382149769725626,32.50242391127261,31.684507682430656,14.173813998848988,79.00651979803551,81.23607947004939,-0.4508922857587712
NTAP,97.91600036621094,97.77944648764601,100.0879997253418,99.292431122575,101.21149940490723,100.2642594973637,100.63579971313476,101.53254209811655,25.75075363183818,38.855420005758155,47.640832387385686,-0.8860148672032011,-0.12770231569824736,-0.7583125515049538,0.27176977234946165,0.27176977234946165,-7.179485513783812,-7.179485513783812,-8.157009949256677,-8.157009949256677,-1.0316723376164072,-1.0316723376164072,-10.579789898647384,-10.579789898647384,-19.65661718657199,-19.65661718657199,-8.157009949256674,-1.0316723376164096,31.85437143776595,105.5098507535399,32.768827355390286,143.07680276693753,40.26495722349749,314.59166827302545,3.287861255977376,3.3007488853269353,-0.24275086524861877,-0.9637171988286206,-0.41722092836200725,-1.3857804466470982,-0.8537300097793447,-1.832600298654381,0.0,-10.438402816715474,95.92163667086719,101.21149940490723,106.50136213894727,0.10453086388686707,0.000790534152689311,31.594374469712886,10.697214138995903,34.01632066470525,15.460738449496356,18.300908811800202,-0.5273767768814255
TTWO,198.45400390625,198.17083080259508,197.06100158691407,198.18301384223957,199.00900115966797,199.82740095606187,204.15320037841798,208.03892303912014,48.660457935146766,45.7538179748026,36.61703333805254,-2.876045404765989,-3.648848210556981,0.7728028057909917,-0.4948223743692415,-0.4948223743692415,-1.4009045186232472,-1.4009045186232472,1.2068642608789037,1.2068642608789037,-5.7982742834477685,-5.7982742834477685,-20.37253911263013,-20.37253911263013,-23.97870656472244,-23.97870656472244,1.2068642608789006,-5.798274283447766,27.48589476014623,82.80215425493806,26.51865777942568,118.59636945037589,37.9463989988393,299.16114367841044,5.742542798761642,5.935046366160977,-2.7064216121015394,-2.326953218369864,-3.767477700823749,-3.217946049418959,-5.69364893191595,-3.3600036312470642,50.0,-17.082109899503113,188.4932562638743,199.00900115966797,209.52474605546166,0.10568109818667694,0.40780520758806044,25.51524291295753,18.783322485952585,27.707165888002745,63.649641745232685,60.17214002335754,-0.5393021807866955
SNPS,400.4580017089844,399.1126916800973,395.5070037841797,400.8436265398713,408.01450500488284,407.26610752317737,423.84660400390624,424.87129211394165,43.61057024155638,37.61466976078049,37.216009260612346,-9.341263792829693,-10.14716103377745,0.8058972409477576,-3.1314883860692033,-3.1314883860692033,-0.9369925137712509,-0.9369925137712509,-2.4157287418254736,-2.4157287418254736,-6.32403776010948,-6.32403776010948,-23.360687848815985,-23.360687848815985,-10.895052394978144,-10.895052394978144,-2.4157287418254727,-6.3240377601094755,41.60443768122419,126.51627644476456,37.54783370341029,166.18002479159838,43.12579498492731,339.10484497548407,14.570605569677618,14.901126494342444,-2.0092407246930772,-2.37079543218724,-3.0854429425877385,-3.48042602460468,-5.396778989858775,-3.565751286797142,50.0,-14.51000218605268,376.4030965742838,408.01450500488284,439.6259134354819,0.15495237567703998,0.25049332576971645,26.2026213855751,19.848143572085135,31.181000966648703,36.84548481081654,37.46475180521735,-0.6543585865749356
HPQ,18.61599998474121,18.586977351993127,18.923999977111816,18.75691222594437,18.83849992752075,18.84785073292603,18.94619998931885,19.372542723738622,31.93915329525882,49.89200605903065,48.45202056512462,-0.11372627469858543,-0.05901712824285719,-0.05470914645572824,-0.6528777876166125,-0.6528777876166125,-6.406970709049753,-6.406970709049753,-5.486539765455345,-5.486539765455345,-3.6411636215184395,-3.6411636215184395,-13.377607708873452,-13.377607708873452,-32.86764810035795,-32.86764810035795,-5.486539765455349,-3.6411636215184346,30.96991383066745,97.28880451028084,29.42839781657842,129.03583585259878,31.6087750928122,245.22568346780105,0.7222223418509157,0.7234186816464075,-1.4467933162637034,-1.75011429348414,-2.5265423819671837,-2.8712481695342733,-6.645388468724516,-1.7757259047574263,50.0,-16.303686600112297,18.01650567907956,18.83849992752075,19.66049417596194,0.08726748431177964,0.1481120763703835,20.743073620168882,11.516412528397426,16.800452511571677,23.205453314817117,29.914065631067814,-0.6951717305376864
FROG,46.54600067138672,45.563111195286126,46.482500076293945,45.94841369063864,45.09375,45.479198820642864,45.512900009155274,46.94073972310514,33.24300276987691,51.9411535910293,52.30407432204767,0.3806862515937084,0.32180743317006055,0.05887881842364784,-2.789019094250478,-2.789019094250478,-14.601855958359577,-14.601855958359577,-7.8661237235381325,-7.8661237235381325,3.1749865133283928,3.1749865133283928,-26.40898764247226,-26.40898764247226,-7.412165942271898,-7.412165942271898,-7.866123723538129,3.174986513328401,82.23767863639557,248.08711593141172,71.82544827940112,308.45484887485026,86.64557619348493,704.2349546984933,3.516687243433377,3.4324100476167354,0.8829566216841818,-1.0275185831084583,1.8686734599357766,-1.4275612930074615,3.0890491024269013,-1.7941235570908025,100.0,-11.834748885671955,39.540806893045094,45.09375,50.646693106954906,0.24628437896404295,0.3312832723830668,25.30307214611262,16.85362185937243,28.310996761954847,34.36363682602389,52.7296660721716,-0.7624327904738705
GDDY,81.43000030517578,80.81212000233165,81.39599990844727,81.44430670097368,82.13950004577637,82.83311575989136,87.68080001831055,89.54649758568924,30.484995370382606,35.35565462948961,38.63280003330235,-2.2487545187131843,-2.5353031106433233,0.28654859193013893,-2.038548895613601,-2.038548895613601,-2.91416347101493,-2.91416347101493,-2.9854427275014306,-2.9854427275014306,-1.8080484018237253,-1.8080484018237253,-27.44326335905043,-27.44326335905043,-38.05468678474426,-38.05468678474426,-2.9854427275014315,-1.8080484018237228,29.84470974868166,91.25752494549154,31.516106839987707,138.2637250117772,51.84386810058403,413.30234963168726,3.194262741759493,3.3364318557433768,-0.5784164369283042,-2.329308763087057,-0.8833463157706726,-3.1933444803216653,-1.225075688944271,-3.075918749555635,50.0,-22.93612589959057,78.84813109322899,82.13950004577637,85.43086899832376,0.08014095412592251,0.06712553783378926,15.857525667884362,17.052263920285856,27.17776322443867,24.118229203909394,36.11922851938329,-0.7831972642551092
APP,396.96800537109374,391.9798574487146,391.0330017089844,398.15565864296934,416.45150299072264,411.8138990559385,431.8086016845703,449.3045898914589,46.04634649200827,38.116757069106825,36.970510691761085,-18.20310572547254,-17.289663717399513,-0.9134420080730266,3.2283562170890123,3.2283562170890123,1.2966870691150545,1.2966870691150545,0.04345835521788466,0.04345835521788466,-12.896976258256698,-12.896976258256698,-41.46538414000614,-41.46538414000614,-35.38171813241369,-35.38171813241369,0.04345835521787723,-12.896976258256702,66.08216097990827,195.3337213732121,64.87164486759337,290.0148141201481,97.19521843823551,781.5869371752954,29.782066784633002,29.39703642837216,-2.3609142555877964,-1.804825261787587,-3.679889564748605,-2.5713795755517532,-5.457601139161006,-3.5094603184977204,50.0,-31.06976197320357,354.75667617409107,416.45150299072264,478.1463298073542,0.2962881698040406,0.2968103696730743,18.52221906429388,23.837577967462888,23.62872251924554,19.840308566409863,27.011661881697524,-0.7862376828816845
RBLX,56.177999877929686,55.97041861585855,55.941000366210936,56.24663551707788,56.39400005340576,57.3452445957194,61.85500038146973,63.17343806340082,44.90009988006369,46.956911217901514,42.64706071410332,-1.907507582195727,-2.354225917369659,0.4467183351739319,0.7612869269207234,0.7612869269207234,-7.519548181447333,-7.519548181447333,3.2312009800761654,3.2312009800761654,-1.2610996342701242,-1.2610996342701242,-34.44575689618967,-34.44575689618967,-58.6660734017046,-58.6660734017046,3.231200980076158,-1.2610996342701295,64.16695973758998,189.83705069826456,54.63553880756399,235.40146797651872,68.75568299873633,538.6464091321268,3.2451570516974892,3.263051253396724,-0.03724140670778449,-2.2305274697226185,-0.07478076782328713,-3.571947083420548,-0.08853393125181704,-3.4338788926146964,50.0,-31.756454669268287,52.27628772607616,56.39400005340576,60.51171238073536,0.14603370299783944,0.40237298809321176,23.174879079859295,24.642936587379964,20.71323458788224,44.18522303100813,51.07812052069739,-0.8469226062370874
CRWD,404.4099975585938,397.0007487106257,395.4529968261719,399.43716458096816,405.5559967041016,402.88572887974374,407.5011999511719,415.3675080990905,43.269112159341994,41.02395372733637,35.963468655758575,-4.795175114132576,-4.688647068310297,-0.10652804582227837,-3.9677723605750725,-3.9677723605750725,-5.036080965478562,-5.036080965478562,-3.463910720964769,-3.463910720964769,-14.15953669459814,-14.15953669459814,-19.016281801886915,-19.016281801886915,-21.402654256535346,-21.402654256535346,-3.4639107209647726,-14.159536694598145,67.37152391428846,205.3814718277367,55.168084616597426,249.34279351875065,55.76378652744537,438.0164171729687,23.155483641681165,21.9969127731982,-3.208265319655923,-1.3056032142439176,-4.5589985161723,-1.8390398402313621,-10.798699693412006,-2.1942501137726635,50.0,-18.27517000609481,362.9804163293133,405.5559967041016,448.13157707888985,0.2099615378433273,0.18836587244570638,25.904505983375042,26.999986241395426,40.51805389710986,43.434774540516855,56.9485344400638,-0.9083684069747888
CDNS,279.0080078125,276.54749473551067,277.44700317382814,278.76912281441565,282.3880020141602,282.25984840079803,288.83260009765627,290.73865636040625,34.1057142789041,37.94607671910508,35.658210446006365,-4.644888521363555,-4.422783812274135,-0.22210470908941993,-5.462441041270461,-5.462441041270461,-4.685705188502876,-4.685705188502876,-5.331049716835324,-5.331049716835324,-8.494076550008478,-8.494076550008478,-17.767595595327045,-17.767595595327045,-18.069389772672515,-18.069389772672515,-5.331049716835324,-8.494076550008483,43.12053253118876,133.49281666627252,35.1412789336914,157.35759480816284,44.35718649544947,344.3646590958065,10.291454400423001,10.155005884834848,-3.0075959522999476,-1.63031580046298,-4.53409887719904,-2.5895769264165924,-9.343311718364692,-3.5145518535632143,50.0,-15.076078134935116,267.2986087048073,282.3880020141602,297.47739532351306,0.10686993216231784,-0.05429658466395262,22.70990945343774,17.855292865295702,39.563086049521864,38.04317938055173,43.66258172040307,-0.939669156186494
IBM,240.29800109863282,237.9830306834117,240.8770004272461,240.5154456078082,243.81199951171874,243.6547677011355,256.3411996459961,255.45165430431348,24.902895677886292,39.02292681383252,38.22649633271188,-4.7008073885338035,-4.708310375028262,0.007502986494458241,-2.7068042698362382,-2.7068042698362382,-7.011609001652419,-7.011609001652419,-4.514422040290855,-4.514422040290855,-6.831394811567993,-6.831394811567993,-23.88178133022051,-23.88178133022051,-16.382217818563227,-16.382217818563227,-4.514422040290856,-6.831394811567996,26.75938044757426,83.70871682461608,29.92680703215081,133.1835102045418,46.218622094749676,369.69887926958427,7.266491270819037,7.391697691981691,-2.8314186377066926,-2.2384021112049317,-4.552497367984353,-2.944317597563281,-8.560776803216989,-3.5632154317655993,0.0,-16.51679632112757,231.79408147013714,243.81199951171874,255.82991755330033,0.09858348289378562,-0.043022716568847444,19.652248174749527,16.387375646447214,30.572333145396154,21.33931516752894,35.046313373033705,-0.9756446590124971
SOFI,16.272000122070313,16.206495691687216,15.910000038146972,16.215748769285096,16.465000009536745,16.649985849553495,18.418600101470947,18.70169154387145,59.9999775606018,42.73503994835487,32.03731521263228,-0.7551353725250394,-0.946899121046421,0.19176374852138167,-0.3073211001989873,-0.3073211001989873,2.334378062964171,2.334378062964171,2.2054154399452353,2.2054154399452353,-8.361589750232168,-8.361589750232168,-40.23581548221766,-40.23581548221766,-39.022559846827,-39.022559846827,2.205415439945229,-8.361589750232168,40.65505422205311,121.9245813631896,34.324951249306764,152.73665843106156,43.62212681021917,353.77942317758084,0.7857824787827128,0.8164690338318716,-3.0356429942719845,-4.718973238233983,-5.273873287411215,-7.0022228143181025,-4.89223669709311,-4.2656305511733725,50.0,-30.309571072004815,14.960319528532205,16.465000009536745,17.969680490541283,0.18277321349930253,0.41858713551640986,36.0836497290672,31.469662289123704,22.315220632700115,47.83103330174014,45.851400389621176,-1.0151995185582472
HOOD,70.11400146484375,69.84947974358036,69.00600128173828,70.03668136119585,71.02600059509277,71.51068174554281,76.38740020751953,79.56611014389692,49.29935835259312,46.946842486329295,39.09549602819445,-2.5715994369427335,-3.153758032540565,0.5821585955978317,-1.3262981585109967,-1.3262981585109967,0.42090117431770047,0.42090117431770047,-1.6488927617270055,-1.6488927617270055,-9.104046315194015,-9.104046315194015,-42.456750107565966,-42.456750107565966,-47.36001129317538,-47.36001129317538,-1.6488927617270086,-9.10404631519401,53.715997792143966,161.2111414824661,53.83897534591343,237.29411953685124,70.74685636997343,556.3046695152735,3.9575876848985745,4.01881899796576,-1.9730628329676336,-2.9181359907084885,-3.4791433688268802,-4.696871075646723,-5.121982358068084,-4.290482494787648,50.0,-33.92191732553721,64.98136271653954,71.02600059509277,77.070638473646,0.17020915799589198,0.34813001286638207,25.75717716505857,30.65033081309489,33.137896813165305,47.823067534962966,48.758824814527834,-1.1296885435578718
SHOP,115.8259994506836,114.523999593238,115.81399917602539,116.06044610174814,118.47399978637695,118.23210605419776,121.23339950561524,124.83322557103094,23.917399277825666,42.52185235172928,35.008807324704435,-2.9197284626757636,-2.690353086745493,-0.22937537593027058,-1.4148392745598426,-1.4148392745598426,-6.308667301879622,-6.308667301879622,-4.0197516913983655,-4.0197516913983655,-12.189900512500362,-12.189900512500362,-33.833015229262756,-33.833015229262756,-29.239320602375685,-29.239320602375685,-4.019751691398361,-12.189900512500367,52.48271891847956,159.14809079493753,49.02616228018501,219.31999366495992,62.658402503865794,493.63426732779345,6.370329416828021,6.421909440935132,-3.0967186143726027,-2.4472032883064667,-5.003300985918662,-3.710015619257892,-8.889596296915773,-4.35344952008662,50.0,-25.961972426167918,108.9585712486585,118.47399978637695,127.9894283240954,0.16063319470729318,0.09623474442633835,20.87417334757251,23.813120964345764,38.16761452114502,28.266746922904545,36.91995483960258,-1.1738894277335405
ADBE,235.82000122070312,233.31875212021959,238.24400024414064,237.42512482144582,242.13000030517577,243.66832190713694,258.38899993896484,261.34151695158107,12.610732376618472,28.294002937867816,23.76302113515092,-8.496250696334442,-8.08261930364849,-0.41363139268595184,-1.9961713008419424,-1.9961713008419424,-7.232830642955202,-7.232830642955202,-6.4471929859235,-6.4471929859235,-16.468972079775558,-16.468972079775558,-27.290029545719065,-27.290029545719065,-31.552410599386793,-31.552410599386793,-6.447192985923501,-16.46897207977556,30.672941231075377,98.51771298813668,37.97131383480088,180.9481654996832,36.318113286606874,290.6962732891655,8.272269951230182,8.463910525142898,-5.759252474013123,-3.4938415015554427,-6.923252237745881,-4.659560093264095,-12.715012806845841,-3.856720645081379,0.0,-25.322426622036332,228.153829369904,242.13000030517577,256.1061712404475,0.11544352965478437,-0.10030727584020709,42.53264446609518,10.440182503428732,34.82821009360264,16.168651792803164,26.213687704101734,-1.3869877894276281
MDB,242.97000122070312,237.94566382898856,243.28200073242186,243.709584839734,252.3604995727539,254.36318441454486,295.8781982421875,289.198339024587,26.055962888128576,32.21536740334004,33.500955846665974,-16.242506562404003,-17.562031781627862,1.3195252192238591,-1.5425545601929547,-1.5425545601929547,-10.734038674568701,-10.734038674568701,-6.353614849392186,-6.353614849392186,-13.322846671525813,-13.322846671525813,-45.04973476818917,-45.04973476818917,-28.12152296448923,-28.12152296448923,-6.3536148493921845,-13.322846671525815,52.625863230681006,165.16181850342392,51.792374699390024,235.5218536882425,74.68074573896149,618.9582913870519,14.521643813476866,14.880838764478309,-3.2144790986103047,-2.956809588276797,-4.403096167711743,-3.786927521376345,-5.684269030679273,-4.736932640858286,0.0,-30.453204798080183,224.05446495696552,252.3604995727539,280.6665341885423,0.22433015201436424,0.03348282472281352,27.538433429680413,16.725776529134414,39.51778819620282,19.172012599499105,31.784646519501205,-1.4596593689457706
DDOG,112.77800140380859,111.50601423731219,115.1260009765625,114.90513530483678,120.84449996948243,117.95849308976021,120.03150009155273,122.28852861085909,13.521282195018415,27.245435618094717,31.317565913091883,-3.116425426235125,-1.476672733656472,-1.639752692578653,-3.3125348680051125,-3.3125348680051125,-12.45430191737662,-12.45430191737662,-15.229283861958908,-15.229283861958908,-17.13589201635124,-17.13589201635124,-16.039838448938625,-16.039838448938625,-30.29701394265938,-30.29701394265938,-15.229283861958907,-17.13589201635124,54.90887532571629,188.83823136706184,49.44175974535312,230.2659192326567,67.0904087199281,518.3904309357514,7.398668926213663,7.210483603761168,-4.526668933839097,-0.7619929253503603,-5.678029057849251,-1.2233796711321927,-11.346792740732186,-1.0979857383530764,0.0,-20.645807167278633,106.88068141138626,120.84449996948243,134.8083185275786,0.2311039155546596,-0.05409260577681835,31.141906958818463,12.001601261526737,39.34853174289022,13.209150297085584,16.51190383018014,-1.4630710119864505
TENB,17.408000183105468,16.956505162228446,17.21900005340576,17.439442045431186,18.44000024795532,18.182531755760504,19.82400005340576,19.791461851734258,38.888891564744654,29.212247938747794,28.279876572798756,-0.9417037689280185,-0.8303432822630938,-0.11136048666492471,-2.2547162420791578,-2.2547162420791578,-8.759948890000125,-8.759948890000125,-12.301803648844311,-12.301803648844311,-20.94627801001033,-20.94627801001033,-29.151937509056538,-29.151937509056538,-45.04967241500194,-45.04967241500194,-12.301803648844308,-20.946278010010335,75.61164147545203,242.38805247242513,59.56182728424431,279.5324553431308,58.312169908029595,464.6803872895373,1.1557846138781698,1.1371915123243024,-4.650949805896364,-2.1793792328309403,-5.8958363619600105,-2.9359884824916906,-12.644967109335534,-3.6794069028310847,50.0,-31.4595601311263,15.449615524797112,18.44000024795532,21.43038497111353,0.32433673350842723,0.09871395244868579,38.45091153095765,11.71142463844799,36.99558677636026,21.129428285570246,34.41585892513251,-1.5958409932882744
FIS,45.71199951171875,45.2549863846333,46.12699966430664,46.11071618209,47.690999603271486,47.277659385288736,49.27359992980957,50.50063873356595,28.308827654298824,23.60198175910766,28.847363249730122,-1.5147939579599452,-1.3129918224707569,-0.20180213548918835,-4.23935072826267,-4.23935072826267,-6.308062056363239,-6.308062056363239,-8.521410943956942,-8.521410943956942,-11.956962221563295,-11.956962221563295,-32.47704084511308,-32.47704084511308,-34.0981605518669,-34.0981605518669,-8.521410943956939,-11.956962221563293,38.34491505149715,124.54550457398878,30.982784620585118,143.7412440499999,35.62942474027341,290.1759738824796,1.6812049530779087,1.6696236739576933,-5.0134794228667054,-4.434932318481406,-6.742772927878782,-5.743328865406296,-11.081928806490298,-4.770795837511271,0.0,-26.80735317007429,43.81213416378044,47.690999603271486,51.56986504276253,0.16266656064071944,-0.05699285510065156,34.305149506435015,10.718458212390852,38.263960979641844,18.295515238910735,26.03954254311677,-1.6065885023363293
NICE,107.09400024414063,104.81925716591925,108.61599960327149,107.88029365459775,112.06950035095215,110.80508991355795,113.17160064697265,113.19015640263676,16.481299696637166,16.309160275948116,21.25712930672998,-2.9991094505085982,-1.6515156445380383,-1.3475938059705599,-7.141488751536418,-7.141488751536418,-14.310951753513933,-14.310951753513933,-11.34265903183328,-11.34265903183328,-18.04663780010445,-18.04663780010445,-16.42974045400517,-16.42974045400517,-24.41950851812352,-24.41950851812352,-11.342659031833282,-18.046637800104453,45.389796124457945,151.90805652421903,38.64437997830267,186.43221466540658,50.480095582974826,385.21594241861317,5.043342716524581,4.868548542471141,-6.267998499105366,-1.2469322245443433,-7.36858295622306,-2.236909695284035,-12.91134577428977,-2.5908046689803106,0.0,-19.31174007707046,100.80428126705662,112.06950035095215,123.33471943484768,0.2010398734467066,-0.16885074487788376,26.748489067653075,11.762866980956023,48.83312804580385,13.428508472980182,25.986551458058713,-1.6807247112599875
CRM,176.03400268554688,173.8530236682077,180.46000061035156,178.8113365929384,186.079500579834,183.98724020884404,190.96699981689454,195.68753692480007,3.9846907357864723,22.030138796720962,30.942103696425477,-6.225019277205888,-4.586677935035613,-1.6383413421702748,-3.4474680592517903,-3.4474680592517903,-11.870919345745357,-11.870919345745357,-11.139836642842827,-11.139836642842827,-17.221995320985105,-17.221995320985105,-31.568900529101327,-31.568900529101327,-32.94308670168,-32.94308670168,-11.139836642842823,-17.22199532098511,36.23177232446185,124.44917730130362,37.85905708412146,180.10888605996033,40.81469749160597,326.0509635536123,7.410763483339173,7.451504895950697,-6.078476992383826,-3.6883774620269243,-8.077780889355386,-5.303155553806397,-13.67378270120641,-4.550728429163188,0.0,-27.677084818440065,168.57066308837523,186.079500579834,203.58833807129275,0.18818663460402957,-0.10310954043263595,30.311887620280167,7.385830007614579,38.257369825228466,6.208742263786509,11.133961106654212,-1.7353314595709648
WDAY,120.39199981689453,118.54054059661728,124.61399993896484,122.93315817161756,128.55249977111816,128.09670157774087,139.98099899291992,143.82118238334536,13.464739944328429,24.14018718940389,28.430370658232164,-6.86783647113208,-5.9765787506485815,-0.8912577204834982,-0.49531007490384305,-0.49531007490384305,-14.940265634000639,-14.940265634000639,-12.088771644240925,-12.088771644240925,-16.132398604527197,-16.132398604527197,-43.6231529543898,-43.6231529543898,-50.571178829919084,-50.571178829919084,-12.088771644240925,-16.132398604527197,50.34954186729465,166.4241843360365,42.9298269847538,200.2910771486798,49.6201147928204,403.08399142565196,6.1918080676764955,6.276959015217007,-4.933051366236993,-4.580973433828254,-6.453005121636382,-6.4676044314286765,-11.818358948761341,-5.084198811691133,0.0,-37.46033441208981,114.93381851129874,128.55249977111816,142.1711810309376,0.21187734636147665,-0.08935588053152695,42.83837840668528,7.610484055576054,41.99230004785765,6.625982210483727,15.988479384632102,-1.8544877221488547
INTU,385.947998046875,379.2829666987644,405.5940002441406,398.02490021772695,425.697998046875,414.4842726697545,425.89620178222657,449.00398075494854,0.0,15.311669898535115,27.79238230976597,-18.132685078838392,-10.206786817680541,-7.925898261157851,-2.9721584581927973,-2.9721584581927973,-16.933347539426425,-16.933347539426425,-18.867180130547933,-18.867180130547933,-19.348241099595043,-19.348241099595043,-42.02022444899156,-42.02022444899156,-45.75804761457335,-45.75804761457335,-18.86718013054793,-19.348241099595043,45.83852722571869,175.46311701424577,44.59362354090081,212.1465306745817,53.94272195890364,435.15943090699085,20.995907446248566,20.797516048643683,-5.826944869385107,-3.955109476080092,-7.589121744568369,-5.749213781281467,-11.015453676246345,-4.541326323416094,0.0,-36.33997639384714,366.26325173474805,425.697998046875,485.13274435900195,0.27923432379206253,-0.12890817446136957,41.288113456731814,7.688490694313686,51.913023697520686,5.8643813529537,5.857187359402449,-1.9781257155838503
PATH,10.361999893188477,10.153423835256133,10.672999954223632,10.55782869277251,11.188999938964844,10.939558619548778,11.419599952697753,11.776865969791512,10.185158612456135,18.837200224623615,27.94117399565461,-0.4470797707511345,-0.29964975167406216,-0.14743001907707232,-5.633797681918895,-5.633797681918895,-16.548039987123698,-16.548039987123698,-15.036230553876596,-15.036230553876596,-17.502196931819157,-17.502196931819157,-41.264871899804604,-41.264871899804604,-41.11738898464877,-41.11738898464877,-15.036230553876596,-17.502196931819164,46.587766167390285,163.97049470378346,51.717115595253524,240.04029821901048,58.77515538384237,468.5697493173053,0.6359816508028219,0.6448200496606246,-4.413356232203318,-3.494104161268868,-5.8835950698011645,-5.284268711074103,-9.25623327856937,-4.236919461810527,0.0,-34.09182453486222,9.647614414184698,11.188999938964844,12.730385463744991,0.27551801469090875,-0.08680965775319281,33.832867195919086,8.139235288097797,40.70462598849573,4.592850563461155,10.398670380142738,-2.089100444857475
NET,199.87200012207032,192.50851654374333,202.0470001220703,199.9308121777247,208.7979995727539,202.58279959361727,193.5736004638672,199.0584099275396,17.782875423851834,28.70834388778931,34.48647715333014,-0.7902666637083087,3.5826393160375423,-4.372905979745851,-13.499092021048508,-13.499092021048508,-21.115780827020735,-21.115780827020735,-20.530147236091867,-20.530147236091867,-21.27197915579352,-21.27197915579352,-11.509724152379597,-11.509724152379597,-21.007563711220556,-21.007563711220556,-20.530147236091867,-21.271979155793524,91.01127718548666,307.1888969864908,74.36390747189755,345.0234369596124,71.88036395940681,561.3850409233235,16.28369486733007,14.861619042035747,-3.6617856275023626,-0.35334701426165954,-4.993551425085854,-0.5436564918488358,-10.497396143739614,-0.7720501239628694,0.0,-17.28775252105606,183.35243575817492,208.7979995727539,234.24356338733287,0.2437337892762012,-0.3215183279931106,31.15791735660637,12.47863068498883,41.348603913955536,30.505389156398593,46.61141261245701,-2.10125958640373
OKTA,73.3259994506836,70.79473533798023,75.3375,73.94423563658849,77.05925064086914,76.02617126768355,79.03380020141601,79.10667253784864,9.49691416772609,31.01077755676144,32.43825226661323,-2.1907681835496504,-0.9714378875442101,-1.2193302960054404,-7.1281016510950534,-7.1281016510950534,-21.523882791800787,-21.523882791800787,-20.723100928973494,-20.723100928973494,-20.291320154918747,-20.291320154918747,-33.103007856565114,-33.103007856565114,-28.25219363579231,-28.25219363579231,-20.723100928973487,-20.29132015491875,80.55118034195871,275.86361485159557,66.19739629327954,307.93364685212845,60.12910856057545,475.10144252337454,4.612054025433271,4.394437390122201,-3.9665777564335136,-2.49870119188397,-5.062759076886356,-3.6023765601502435,-11.7198712991791,-4.610565761810187,0.0,-27.804257279839362,68.04946511919613,77.05925064086914,86.06903616254215,0.23384046553119686,-0.28410580927290063,28.266343369848016,9.049480518383502,48.92686318889658,13.506798878103831,38.494932179759175,-2.198856714222587
